Evaporacao Piche;Insolacao;Precipitacao;Temp Comp Media;TempMaxima;TempMinima;Umidade Relativa Media;Velocidade do Vento Media;Ano;Mes;UF
0.0;2.6808988764044948;7.36067415730337;24.926292134831453;31.0685393258427;23.10561797752809;87.13202247191012;0.37378786516853957;2016.0;1.0;AC 
4.6664516129032245;6.088387096774195;5.5264516129032275;26.336129032258064;31.812258064516108;22.159354838709675;76.47258064516129;2.2967741806451607;2016.0;1.0;AL 
0.0;2.8765903307888054;5.387277353689568;25.839083969465662;30.837404580152644;21.756997455470735;76.96882951653944;0.9080257175572524;2016.0;1.0;AM 
3.303225806451612;4.8516129032258055;3.7516129032258068;26.696774193548386;31.98709677419355;23.883870967741935;78.63709677419355;1.9623655483870974;2016.0;1.0;AP 
0.08753246753246754;4.30805194805195;11.418181818181838;18.51057142857142;22.702207792207798;21.115454545454526;55.77045454545455;0.8921334805194796;2016.0;1.0;BA 
4.452905198776763;4.426605504587155;6.774311926605504;26.302813455657493;31.492660550458705;22.382874617737006;77.72859327217125;2.2772868960244654;2016.0;1.0;CE 
2.108620689655172;3.56551724137931;10.844827586206895;21.27379310344827;26.55344827586206;18.051724137931036;83.40948275862068;1.601506189655173;2016.0;1.0;DF 
3.1241935483870953;5.367741935483871;5.550000000000001;26.824193548387097;31.39838709677419;23.640322580645158;41.45161290322581;0.8924731129032258;2016.0;1.0;ES 
2.5345161290322595;2.418709677419355;11.570645161290324;21.697032258064503;26.43096774193549;21.02483870967742;74.50322580645161;1.3113746838709701;2016.0;1.0;GO 
2.2774193548387087;3.5909090909090917;8.824926686217012;24.455542521994136;31.989442815249276;23.55219941348972;73.11876832844575;0.9321114574780061;2016.0;1.0;MA 
2.7059454191033145;2.9668615984405493;12.983040935672525;17.928148148148132;24.815009746588657;20.01803118908384;70.57041910331384;1.282764786549708;2016.0;1.0;MG 
1.4376344086021502;3.6946236559139796;8.43010752688172;8.932258064516128;21.3247311827957;6.869892473118278;79.91935483870968;1.7221038064516125;2016.0;1.0;MS 
0.0;2.7967272727272716;9.646181818181816;18.364509090909092;24.00618181818182;21.34181818181818;86.5909090909091;0.5727431999999996;2016.0;1.0;MT 
2.5260215053763435;4.375053763440859;6.600000000000002;23.714451612903208;29.92451612903225;23.47462365591398;76.16989247311828;1.4464516064516146;2016.0;1.0;PA 
2.882162162162163;4.728108108108108;4.7751351351351365;25.868108108108107;30.81945945945945;22.221081081081085;78.32027027027027;2.443063064864864;2016.0;1.0;PB 
4.138306451612903;5.209677419354838;5.758467741935485;22.251209677419347;26.90282258064517;19.10483870967742;67.28629032258064;2.18037633467742;2016.0;1.0;PE 
3.5503521126760553;4.436971830985916;8.456338028169005;23.48147887323942;32.1676056338028;22.665492957746487;66.60827464788733;1.8357724894366192;2016.0;1.0;PI 
2.9923387096774197;4.314112903225808;7.628629032258063;17.776290322580635;21.866532258064527;19.326209677419357;80.07459677419355;1.4448924959677403;2016.0;1.0;PR 
3.310752688172043;2.496236559139785;8.278494623655913;25.381612903225793;30.702688172043004;21.834408602150535;51.23790322580645;0.7849462258064513;2016.0;1.0;RJ 
4.823655913978494;5.67258064516129;6.151612903225805;23.386881720430104;27.559677419354827;24.021505376344088;76.87768817204301;2.3821082419354838;2016.0;1.0;RN 
0.0;3.30483870967742;0.016129032258064516;16.49096774193549;20.19193548387097;23.882258064516122;56.36693548387097;2.7118732258064515;2016.0;1.0;RR 
3.6746236559139795;7.452043010752689;3.5498924731182804;24.226451612903215;29.968817204301118;19.72344086021507;68.05860215053764;1.6296057268817212;2016.0;1.0;RS 
2.77536231884058;6.078743961352655;4.447826086956521;22.801352657004834;28.220289855072465;18.639613526570045;73.19927536231884;2.041706956521738;2016.0;1.0;SC 
0.0;5.809677419354839;4.011827956989247;27.179354838709667;31.658064516129034;23.640860215053753;75.4274193548387;1.5433199999999998;2016.0;1.0;SE 
2.3814345991561185;3.0886075949367093;11.381012658227851;17.890126582278484;27.679746835443044;16.408438818565408;50.38818565400844;1.3247538734177213;2016.0;1.0;SP 
2.53010752688172;3.0032258064516126;13.791935483870969;25.783010752688163;30.83548387096773;22.849462365591403;76.24462365591398;1.0473181290322588;2016.0;1.0;TO 
0.0;2.206779661016949;8.993220338983052;26.018305084745762;31.10847457627119;23.845762711864417;86.54661016949153;0.5856477966101696;2016.0;2.0;AC 
5.9284482758620705;8.61810344827586;1.228448275862069;26.71827586206896;32.45172413793102;23.14568965517242;72.92672413793103;2.328160922413793;2016.0;2.0;AL 
0.0;3.2947916666666686;8.440625000000002;26.78039930555554;26.283333333333324;23.77430555555556;82.88975694444444;0.9546347291666665;2016.0;2.0;AM 
2.03448275862069;4.73103448275862;18.21379310344828;27.044827586206893;32.00000000000001;23.799999999999997;85.34482758620689;0.8482759310344827;2016.0;2.0;AP 
0.0;8.094992636229753;0.7210603829160531;19.20942562592047;23.841973490427097;20.65699558173783;54.921944035346094;0.9175063917525763;2016.0;2.0;BA 
4.550156739811913;6.636363636363635;2.371786833855798;24.48840125391848;32.63761755485894;20.59717868338557;73.75548589341693;2.3948331003134773;2016.0;2.0;CE 
4.843103448275863;7.979310344827588;4.572413793103447;22.115517241379308;29.463793103448282;16.910344827586208;69.5603448275862;1.3750570689655168;2016.0;2.0;DF 
4.734482758620689;9.30344827586207;0.35172413793103446;14.461379310344828;33.837931034482764;24.755172413793098;34.78448275862069;0.9942529137931034;2016.0;2.0;ES 
4.600689655172413;4.438275862068965;5.967931034482754;22.89248275862069;28.967931034482756;20.81793103448276;71.81293103448276;1.148785172413795;2016.0;2.0;GO 
2.528758169934639;5.693464052287579;4.5241830065359485;24.960915032679754;33.29934640522879;23.460457516339865;68.32761437908496;0.8776144084967318;2016.0;2.0;MA 
4.229081632653065;5.568265306122446;2.823469387755102;18.67571428571429;27.07336734693878;19.28979591836736;56.5625;1.0977838785714285;2016.0;2.0;MG 
2.042372881355932;6.518644067796613;4.696610169491527;13.567118644067795;32.73898305084746;10.445762711864408;75.09322033898304;1.4360071694915255;2016.0;2.0;MS 
0.0;5.322167487684729;5.61674876847291;19.17369458128079;24.473891625615764;22.37980295566502;79.73152709359606;0.45277477832512303;2016.0;2.0;MT 
2.1590804597701148;5.111494252873567;7.94804597701149;23.919494252873566;30.517701149425285;23.298620689655188;77.62241379310345;1.3490038321839077;2016.0;2.0;PA 
4.080487804878048;6.353048780487805;2.087195121951219;25.38707317073173;31.92012195121951;21.645121951219515;72.84756097560975;2.6578251890243885;2016.0;2.0;PB 
5.702739726027395;8.093607305936073;1.74337899543379;23.47534246575343;29.0;19.69634703196348;64.32648401826484;2.3801825890410955;2016.0;2.0;PE 
4.55057471264368;8.22040229885058;3.0856321839080465;24.749482758620704;33.53275862068966;22.227011494252878;56.150862068965516;1.8224137758620698;2016.0;2.0;PI 
2.2008928571428563;3.386160714285712;11.479910714285708;16.733482142857145;20.55982142857143;20.662499999999973;71.28125;1.2581845267857144;2016.0;2.0;PR 
4.1896551724137945;3.9304597701149437;4.201724137931035;26.69091954022986;33.594827586206904;22.181609195402302;60.485632183908045;0.49396554022988526;2016.0;2.0;RJ 
4.933908045977011;8.298275862068966;3.038505747126437;23.14241379310344;27.772988505747136;22.72298850574713;70.96551724137932;2.822413787356323;2016.0;2.0;RN 
0.0;2.960344827586207;1.2017241379310344;14.58396551724138;17.417241379310344;24.844827586206897;68.50862068965517;1.6704517241379315;2016.0;2.0;RR 
2.808845208845213;7.04127764127764;4.748402948402949;24.12555282555281;29.77886977886976;20.047420147420162;72.94717444717445;1.4685503759213758;2016.0;2.0;RS 
1.9742424242424248;5.2570707070707074;7.987878787878785;20.003333333333334;24.474242424242437;18.272222222222222;73.85479797979798;1.7324916010101015;2016.0;2.0;SC 
0.0;8.557471264367813;1.7298850574712643;27.376551724137922;31.964367816091944;23.491954022988512;72.09770114942529;1.3876082758620694;2016.0;2.0;SE 
2.8449541284403668;3.6440366972477065;7.16559633027523;18.961100917431207;29.940366972477086;17.03440366972479;41.18348623853211;1.0773700275229352;2016.0;2.0;SP 
5.993103448275861;7.167816091954022;1.9954022988505746;27.615172413793125;34.453448275862065;23.400574712643675;67.40373563218391;0.9949553218390809;2016.0;2.0;TO 
0.0;1.914516129032258;8.191935483870967;25.49967741935484;30.335483870967742;23.674193548387095;83.06451612903226;0.976329677419355;2016.0;3.0;AC 
6.175163398692812;8.066013071895428;3.195424836601307;26.896470588235307;32.775163398692804;22.731372549019607;74.7859477124183;2.894117647058824;2016.0;3.0;AL 
0.0;2.3457575757575757;9.870909090909088;22.717409090909076;24.03575757575756;21.77636363636363;77.85909090909091;0.9838188515151515;2016.0;3.0;AM 
1.6000000000000003;3.8870967741935485;15.36774193548387;27.028387096774185;31.367741935483867;24.419354838709676;86.7741935483871;0.6935484193548388;2016.0;3.0;AP 
0.0;7.744714285714287;0.6410000000000001;19.587971428571425;24.30914285714286;20.797428571428554;54.572857142857146;0.948284399999999;2016.0;3.0;BA 
4.197653958944283;6.140175953079178;5.07507331378299;26.50281524926685;33.28240469208213;22.292668621700884;75.61950146627566;2.3227504193548376;2016.0;3.0;CE 
3.748333333333334;6.181666666666667;5.521666666666666;21.794999999999998;27.899999999999995;17.729999999999993;72.0875;1.29406135;2016.0;3.0;DF 
4.312903225806452;8.459677419354842;2.2548387096774194;14.049032258064516;33.230645161290326;24.391935483870967;37.471774193548384;0.7473118387096774;2016.0;3.0;ES 
4.107419354838712;3.9916129032258048;6.678064516129032;22.652967741935488;28.194838709677423;21.020322580645153;73.10403225806452;1.1602373129032275;2016.0;3.0;GO 
1.5425219941348973;3.945454545454541;8.429618768328442;24.429853372434028;31.755425219941376;23.406744868035194;74.05131964809384;0.8913913255131962;2016.0;3.0;MA 
4.015289648622977;4.542640075973414;3.7388414055080723;17.666058879392217;25.14966761633426;18.975973409306764;58.25189933523267;1.139271205128205;2016.0;3.0;MG 
1.9677419354838708;7.709677419354837;2.7258064516129035;13.251935483870968;33.077419354838696;9.880645161290321;41.056451612903224;0.9999999677419357;2016.0;3.0;MS 
0.0;4.175115207373272;7.88663594470046;19.753179723502303;24.58847926267281;22.72718894009217;82.85253456221199;0.4010419354838709;2016.0;3.0;MT 
1.6234408602150547;3.741290322580645;13.541935483870972;25.194279569892448;31.699999999999992;23.161720430107557;80.73440860215054;1.123476720430107;2016.0;3.0;PA 
4.150568181818177;6.401136363636362;5.573863636363637;26.66920454545456;32.71079545454543;22.33181818181818;73.48295454545455;2.68371211931818;2016.0;3.0;PB 
6.928225806451616;7.704032258064512;3.0274193548387096;23.48056451612901;30.391935483870967;19.619758064516123;59.26310483870968;2.41129033064516;2016.0;3.0;PE 
4.147701149425289;7.027586206896552;4.61379310344828;23.409137931034497;34.06781609195403;23.026436781609178;61.002155172413794;1.808590252873565;2016.0;3.0;PI 
2.72563025210084;4.735294117647059;4.021428571428571;13.857731092436971;17.74285714285714;18.251260504201674;61.96848739495798;1.3337535252100845;2016.0;3.0;PR 
3.2543010752688177;2.9010752688172032;4.711290322580646;25.72956989247314;31.586559139784956;22.01290322580646;64.26344086021506;0.47706092473118283;2016.0;3.0;RJ 
5.950462962962958;7.265740740740735;3.1842592592592585;21.030925925925928;27.805555555555543;23.61990740740741;61.73148148148148;3.2350308518518514;2016.0;3.0;RN 
0.0;3.006557377049181;0.05573770491803279;16.338032786885247;19.588524590163935;26.190163934426227;62.11065573770492;1.9931036065573768;2016.0;3.0;RR 
2.4421286031042135;5.742793791574276;6.752771618625278;20.81215077605321;26.096008869179613;17.029268292682932;75.52660753880266;1.60485710421286;2016.0;3.0;RS 
2.1075471698113213;5.7797169811320765;7.76179245283019;17.637075471698115;22.424528301886802;13.944811320754718;71.79363207547169;1.8232704669811324;2016.0;3.0;SC 
0.0;8.064516129032256;1.4344086021505371;27.742365591397835;32.427956989247306;23.806451612903224;70.84946236559139;1.4474387096774195;2016.0;3.0;SE 
2.602604166666666;4.046874999999999;7.2859375;19.042395833333334;29.37135416666669;14.55104166666667;49.567708333333336;1.3276041510416674;2016.0;3.0;SP 
3.7311827956989254;4.566129032258065;6.274193548387097;27.258387096774197;33.1806451612903;23.71451612903225;78.13844086021506;0.8651280537634416;2016.0;3.0;TO 
0.0;2.6766666666666676;7.538333333333335;26.633333333333333;32.528333333333336;22.968333333333337;85.35;0.8002400000000001;2016.0;4.0;AC 
5.149333333333335;7.164666666666665;2.44;26.541466666666665;31.74466666666667;22.316666666666656;79.125;2.868622153333334;2016.0;4.0;AL 
0.0;2.9303030303030297;8.815454545454545;24.231757575757587;29.576969696969673;21.498181818181823;79.86969696969697;0.996865918181818;2016.0;4.0;AM 
1.6566666666666667;4.133333333333334;16.386666666666667;26.304;30.98333333333334;23.980000000000004;86.30833333333334;0.8744444666666666;2016.0;4.0;AP 
0.0;7.248428571428573;0.5597142857142859;19.178828571428554;24.00914285714287;19.213285714285718;50.30357142857143;0.8939007428571423;2016.0;4.0;BA 
3.596363636363636;6.093333333333333;4.016969696969698;26.521818181818183;32.00424242424242;22.37696969696971;79.32727272727273;2.32245982121212;2016.0;4.0;CE 
6.177966101694914;8.898305084745761;0.1864406779661017;22.456271186440674;29.415254237288135;16.0864406779661;61.19491525423729;1.6333455932203391;2016.0;4.0;DF 
3.976666666666668;8.011666666666665;0.7816666666666668;13.850333333333332;32.73833333333334;23.52500000000001;36.17916666666667;0.3238889;2016.0;4.0;ES 
6.906333333333333;5.236;0.30899999999999994;22.77113333333336;29.13100000000002;19.603;59.29083333333333;1.2192356200000005;2016.0;4.0;GO 
1.6830303030303022;5.606363636363636;5.4469696969696955;23.05460606060605;31.215454545454552;22.46121212121213;66.9560606060606;0.8845167787878788;2016.0;4.0;MA 
5.266954022988498;5.764463601532565;0.7244252873563221;16.902624521072777;25.164942528735647;17.516379310344835;52.97772988505747;1.1546136618773954;2016.0;4.0;MG 
2.455;8.223333333333334;1.9133333333333333;0.0;16.695000000000004;9.33;67.45;1.3500000166666664;2016.0;4.0;MS 
0.0;6.517619047619044;2.764761904761905;20.815523809523825;27.12761904761904;21.34428571428571;75.7702380952381;0.43278285714285714;2016.0;4.0;MT 
1.6124444444444452;4.445777777777778;9.94977777777778;25.486355555555562;32.108222222222196;23.31177777777778;79.57666666666667;1.1749629711111118;2016.0;4.0;PA 
3.556666666666667;5.87111111111111;4.874444444444445;25.957555555555547;31.169999999999966;21.898333333333326;76.65;2.757777799999999;2016.0;4.0;PB 
6.524347826086952;7.491304347826084;1.9834782608695654;24.004434782608712;29.044347826086955;20.112173913043478;61.47282608695652;2.5551786869565216;2016.0;4.0;PE 
5.052857142857145;8.15;2.6180000000000008;24.71851428571431;34.309428571428555;22.973999999999997;53.510714285714286;1.5903809485714304;2016.0;4.0;PI 
2.584166666666666;5.609166666666666;3.582916666666668;13.568083333333337;17.69916666666667;17.304583333333326;55.29270833333333;1.1662161249999996;2016.0;4.0;PR 
3.9277777777777785;3.9049999999999994;0.8544444444444443;24.974777777777774;31.81500000000003;20.24388888888888;60.12361111111111;0.4931481333333331;2016.0;4.0;RJ 
4.973684210526316;6.255502392344499;2.8043062200956945;20.165263157894742;23.68468899521532;23.773684210526316;62.80861244019139;3.19816585645933;2016.0;4.0;RN 
0.0;1.0775000000000001;11.132499999999997;27.5525;33.45500000000001;24.695;79.8625;0.5144399999999999;2016.0;4.0;RR 
0.2411027568922306;4.089724310776942;8.251378446115282;20.465263157894732;25.43959899749376;17.475438596491237;80.47493734335839;1.527710448621555;2016.0;4.0;RS 
0.0;5.593142857142856;4.624571428571429;18.920342857142863;24.775428571428577;15.836571428571427;68.94;1.8147483428571431;2016.0;4.0;SC 
0.0;7.28666666666667;1.4988888888888896;27.154888888888884;31.569999999999993;23.39666666666667;71.87777777777778;1.4804439999999996;2016.0;4.0;SE 
4.13141592920354;5.833185840707964;0.7115044247787611;17.86893805309735;29.33407079646017;15.1070796460177;34.43805309734513;1.0806047123893807;2016.0;4.0;SP 
5.198888888888886;5.635000000000002;2.235555555555556;27.82566666666668;34.2611111111111;23.47555555555556;71.07083333333334;0.8299122888888898;2016.0;4.0;TO 
0.0;2.9096774193548387;3.083870967741936;25.13096774193549;30.801612903225806;21.746774193548383;85.14112903225806;0.8380393548387097;2016.0;5.0;AC 
3.9722580645161285;6.34516129032258;3.808387096774194;25.495741935483892;30.389677419354847;21.420645161290324;82.05806451612904;2.2844012000000005;2016.0;5.0;AL 
0.0;3.257478005865104;6.470381231671555;25.815425219941346;31.525219941348965;22.71524926686218;84.90762463343108;0.8788293841642226;2016.0;5.0;AM 
2.238709677419355;6.741935483870967;5.025806451612902;28.078709677419358;32.10967741935483;25.24516129032258;81.85483870967742;1.0935484193548388;2016.0;5.0;AP 
0.0;6.589203778677464;1.4542510121457488;18.50914979757085;23.422941970310397;18.988663967611338;55.99291497975708;0.8496475303643723;2016.0;5.0;BA 
4.921068249258159;7.011275964391687;1.7501483679525227;26.84545994065282;32.97002967359052;21.968545994065273;74.07566765578635;2.379057302670623;2016.0;5.0;CE 
5.075000000000001;7.711666666666669;0.30166666666666664;17.65966666666667;24.78000000000001;14.579999999999995;57.43333333333333;1.2319995333333333;2016.0;5.0;DF 
2.9904761904761905;4.473809523809523;0.6142857142857142;18.344285714285714;21.852380952380948;21.288095238095238;18.577380952380953;0.0;2016.0;5.0;ES 
6.00516129032258;4.653870967741936;0.4325806451612903;21.347935483870966;28.1741935483871;18.123225806451618;61.06774193548387;1.0784610225806468;2016.0;5.0;GO 
2.2283950617283943;6.595061728395058;3.1293209876543213;22.87833333333333;32.04320987654323;22.61296296296295;63.926697530864196;0.9008745123456791;2016.0;5.0;MA 
4.161137440758292;4.912322274881519;0.3305213270142179;14.982805687203792;22.89753554502368;15.380568720379165;57.37251184834123;1.1277731914691957;2016.0;5.0;MG 
1.8258064516129036;5.780645161290322;2.712903225806452;0.0;14.390322580645158;7.440322580645161;76.37096774193549;1.6021505483870964;2016.0;5.0;MS 
0.0;6.497695852534563;0.5935483870967742;17.405437788018432;23.06635944700461;19.579262672811076;75.3778801843318;0.4551727188940092;2016.0;5.0;MT 
1.99498861047836;5.277904328018224;6.858769931662869;25.310250569476093;31.87266514806377;22.580637813211833;75.61845102505694;1.227676571753987;2016.0;5.0;PA 
3.789784946236559;6.029032258064515;4.227956989247314;25.43236559139786;30.656989247311827;21.09139784946237;76.2741935483871;2.6465950107526868;2016.0;5.0;PB 
5.502822580645164;6.990322580645165;4.468548387096775;21.800403225806473;27.437903225806462;19.59112903225807;61.903225806451616;2.3057795725806445;2016.0;5.0;PE 
5.738172043010754;8.758333333333336;1.7459677419354838;25.633817204301064;34.64892473118277;22.517204301075264;48.62567204301075;1.8089605725806464;2016.0;5.0;PI 
1.6093877551020406;2.787755102040817;6.606938775510206;9.922775510204078;13.000408163265307;12.748979591836738;65.25510204081633;1.0540740000000004;2016.0;5.0;PR 
2.8150537634408597;2.6075268817204305;0.9295698924731183;21.404946236559145;27.32258064516127;17.25161290322581;64.93951612903226;0.3650537311827957;2016.0;5.0;RJ 
6.421198156682027;6.978801843317977;2.073732718894009;20.259539170506898;24.140552995391705;23.350691244239613;59.294930875576036;3.1986618894009218;2016.0;5.0;RN 
0.0;1.8370967741935482;11.893548387096772;25.530645161290323;30.437096774193556;24.267741935483865;80.12096774193549;0.5116741935483871;2016.0;5.0;RR 
1.33194748358862;3.622975929978119;2.4768052516411387;13.619824945295397;18.387964989059075;10.377899343544858;79.16739606126914;1.3403201334792123;2016.0;5.0;RS 
1.297235023041475;3.6211981566820284;3.853456221198159;13.799907834101386;18.323041474654378;10.58110599078341;74.14400921658986;1.4697388894009211;2016.0;5.0;SC 
0.0;6.03010752688172;4.7548387096774185;26.021505376344088;30.249462365591402;22.527956989247308;76.68817204301075;1.1809993548387099;2016.0;5.0;SE 
2.5191304347826082;4.228695652173914;3.293043478260869;12.185130434782604;24.78000000000002;10.057826086956528;39.8945652173913;1.1810144695652174;2016.0;5.0;SP 
6.5155913978494615;6.640860215053762;0.48440860215053766;26.768172043010747;34.117204301075276;22.202150537634406;63.549731182795696;0.9792980376344087;2016.0;5.0;TO 
0.0;3.3999999999999995;1.3;24.508000000000003;31.046666666666667;19.793333333333337;82.39583333333333;0.937424;2016.0;6.0;AC 
3.5366666666666666;6.972666666666667;4.241999999999999;24.336666666666666;29.29266666666667;20.611333333333334;82.51833333333333;2.039569966666667;2016.0;6.0;AL 
0.0;4.113694267515923;4.853821656050956;26.27547770700638;32.08216560509552;22.370382165605097;85.30732484076434;0.9052483439490444;2016.0;6.0;AM 
2.2933333333333334;7.833333333333332;6.7666666666666675;27.59333333333333;32.50666666666667;24.26;80.14166666666667;0.9466666333333333;2016.0;6.0;AP 
0.0;6.520694444444446;0.9912499999999997;17.620833333333337;22.362361111111113;18.119027777777788;54.75138888888889;0.900150916666666;2016.0;6.0;BA 
6.098787878787883;7.695151515151518;0.794545454545454;26.541696969696964;33.01909090909092;21.273333333333333;68.76060606060607;2.8277373060606052;2016.0;6.0;CE 
5.68793103448276;7.606896551724141;0.0;15.567241379310342;22.332758620689663;12.660344827586208;54.75;1.9727581724137933;2016.0;6.0;DF 
2.118333333333333;4.758333333333335;1.9183333333333332;11.248333333333333;27.743333333333343;19.558333333333326;39.12916666666667;0.0;2016.0;6.0;ES 
6.4396666666666675;4.768666666666666;0.307;19.342400000000005;26.489;15.771333333333326;57.87083333333333;1.1530708133333334;2016.0;6.0;GO 
3.3370607028753994;7.636102236421719;1.3584664536741209;22.322364217252403;33.62332268370608;21.904153354632587;60.21405750798722;1.0057508434504794;2016.0;6.0;MA 
4.165609990393857;4.778674351585016;0.9749279538904903;13.622939481268007;21.443323727185394;13.381460134486094;54.615033621517775;1.1637944140249756;2016.0;6.0;MG 
1.72;5.1499999999999995;1.5566666666666664;0.0;13.309999999999997;7.063333333333334;76.0125;1.4255555999999996;2016.0;6.0;MS 
0.0;6.58904761904762;0.37523809523809515;17.424761904761905;23.97666666666667;16.94190476190477;70.79047619047618;0.3984868571428571;2016.0;6.0;MT 
2.36061320754717;6.625235849056603;3.8745283018867913;25.47212264150942;32.52216981132075;21.886320754716984;72.30483490566037;1.2072327216981134;2016.0;6.0;PA 
4.322222222222222;6.587777777777775;2.0555555555555554;24.764222222222234;30.331111111111113;20.37222222222223;72.6875;2.8627015833333327;2016.0;6.0;PB 
5.116666666666667;7.63589743589744;1.274786324786325;21.164102564102567;28.81068376068378;19.39786324786325;64.48931623931624;2.3450084871794874;2016.0;6.0;PE 
6.533836858006046;9.25105740181269;0.6697885196374623;25.423383685800612;34.355287009063474;21.7522658610272;46.472809667673715;2.081443380664654;2016.0;6.0;PI 
1.7561702127659586;3.628936170212766;4.113617021276596;8.343148936170213;12.21659574468086;9.29106382978723;62.793617021276596;0.9570353276595749;2016.0;6.0;PR 
2.1866666666666674;2.2044444444444444;2.5838888888888882;18.744333333333334;24.250555555555547;15.071111111111112;67.44722222222222;0.3331481333333334;2016.0;6.0;RJ 
7.158653846153846;7.200480769230766;2.24375;19.9901923076923;23.910096153846155;22.495192307692317;57.80168269230769;3.4608172932692294;2016.0;6.0;RN 
0.0;2.5466666666666664;15.009999999999996;26.28833333333334;31.743333333333336;23.678333333333335;85.40416666666667;0.395833;2016.0;6.0;RR 
1.5735294117647067;4.993212669683257;0.7554298642533939;10.519230769230765;16.190723981900447;6.7769230769230795;75.09276018099547;1.2204378212669686;2016.0;6.0;RS 
1.4547619047619058;4.950476190476189;1.2399999999999995;10.649619047619048;16.329047619047618;6.75809523809524;70.2297619047619;1.5838095333333329;2016.0;6.0;SC 
0.0;6.663333333333332;4.5744444444444445;24.961555555555556;29.3711111111111;21.498888888888896;77.96666666666667;1.3032480000000004;2016.0;6.0;SE 
2.060775862068966;4.528879310344827;4.484482758620688;8.021293103448278;22.70086206896552;6.58836206896552;38.51077586206897;1.0583333103448276;2016.0;6.0;SP 
7.265555555555556;6.938888888888887;0.8466666666666669;26.41633333333332;34.051666666666655;21.15166666666666;60.975;1.334368744444445;2016.0;6.0;TO 
0.0;4.153225806451613;0.6596774193548387;25.30838709677419;33.60483870967742;19.533870967741933;75.45161290322581;0.741236129032258;2016.0;7.0;AC 
3.585600000000001;6.916800000000003;2.640799999999999;22.99823999999999;27.485599999999994;19.585600000000003;83.002;2.695279896;2016.0;7.0;AL 
0.0;4.264423076923076;3.8163461538461547;26.2538782051282;32.76762820512822;22.120512820512825;80.48157051282051;0.7966675000000003;2016.0;7.0;AM 
2.683870967741935;8.438709677419354;5.2870967741935475;27.67096774193548;32.74516129032258;24.490322580645163;78.88709677419355;1.044086129032258;2016.0;7.0;AP 
0.0;6.7701298701298676;1.1294372294372292;16.26135642135641;20.884704184704177;16.793217893217882;57.95238095238095;0.9692455411255408;2016.0;7.0;BA 
7.902991452991457;8.751282051282049;0.09487179487179487;25.978119658119663;33.161965811965814;20.92692307692307;54.863247863247864;2.430457833333332;2016.0;7.0;CE 
7.08103448275862;8.610344827586207;0.0;18.363793103448277;26.284482758620687;12.60689655172414;46.297413793103445;1.7537035172413795;2016.0;7.0;DF 
2.440322580645161;6.29516129032258;2.424193548387097;11.383548387096772;27.859677419354842;19.420967741935474;37.854838709677416;0.0;2016.0;7.0;ES 
8.411612903225807;5.4941935483870985;0.0;20.234516129032247;28.020322580645164;15.396451612903219;42.94919354838709;1.2226710741935494;2016.0;7.0;GO 
4.478006872852231;8.475257731958758;0.6192439862542957;23.181924398625423;31.454639175257753;21.577663230240535;55.031786941580755;1.1607102302405503;2016.0;7.0;MA 
5.127142857142856;5.649333333333326;0.050095238095238095;14.150495238095242;22.66771428571427;12.732476190476184;48.1552380952381;1.2570043799999997;2016.0;7.0;MG 
3.569354838709677;7.932258064516128;0.01935483870967742;0.0;15.035483870967742;0.0;45.193548387096776;1.7854838870967744;2016.0;7.0;MS 
0.0;8.16774193548387;0.0;19.841013824884783;29.85161290322581;15.403225806451623;59.46082949308756;0.4290951152073735;2016.0;7.0;MT 
2.9189054726368155;6.401492537313433;2.5084577114427873;25.9313930348259;33.33855721393034;22.616417910447737;71.1386815920398;1.3504146069651755;2016.0;7.0;PA 
5.534337349397592;7.436144578313251;0.6319277108433735;24.563012048192764;30.289156626506017;19.887349397590366;68.11144578313252;3.5167670361445773;2016.0;7.0;PB 
6.214919354838708;7.837096774193544;0.845564516129032;20.342741935483872;25.48104838709676;17.29475806451614;59.49092741935484;2.6698876935483877;2016.0;7.0;PE 
7.923837209302325;9.270348837209303;0.17063953488372094;24.832441860465114;34.7837209302326;21.144476744186047;42.89462209302326;2.288197520348837;2016.0;7.0;PI 
2.7038135593220334;4.716525423728812;2.406355932203389;9.726101694915256;14.377542372881353;10.519067796610168;60.06673728813559;1.2175753177966098;2016.0;7.0;PR 
3.254301075268818;2.9768817204301077;0.11236559139784945;19.376344086021508;26.544086021505358;14.940860215053757;61.185483870967744;0.38198306989247327;2016.0;7.0;RJ 
8.497235023041478;7.668663594470047;0.28894009216589855;19.723410138248838;23.84930875576036;21.917050691244228;54.02995391705069;4.119354843317973;2016.0;7.0;RN 
0.0;2.7838709677419353;11.545161290322582;25.62483870967742;32.180645161290315;23.706451612903226;86.15322580645162;0.3816812903225808;2016.0;7.0;RR 
1.9024017467248897;5.071397379912662;4.746069868995633;12.863318777292573;18.644541484716164;8.860480349344986;74.49945414847161;1.6458515218340621;2016.0;7.0;RS 
1.9518867924528305;6.022169811320755;3.950000000000001;13.419433962264154;19.62028301886792;9.106603773584911;69.14150943396227;1.919496863207547;2016.0;7.0;SC 
0.0;6.874193548387097;1.77741935483871;24.00365591397849;28.16451612903225;20.68279569892473;76.58870967741936;1.235393548387097;2016.0;7.0;SE 
3.5207920792079204;5.662871287128712;0.046534653465346534;9.614752475247522;25.91584158415841;7.710891089108907;32.57425742574257;1.1658415742574257;2016.0;7.0;SP 
9.563440860215053;7.96505376344086;0.0016129032258064516;26.188279569892465;34.38010752688175;19.387634408602153;46.01478494623656;1.4329256397849472;2016.0;7.0;TO 
0.0;3.541269841269842;1.8857142857142855;25.59968253968254;33.75238095238096;20.039682539682545;71.10317460317461;0.9091161904761905;2016.0;8.0;AC 
4.62387096774193;7.503225806451612;1.1612903225806452;23.71612903225807;28.24387096774193;19.65483870967742;78.23548387096774;2.707225645161291;2016.0;8.0;AL 
0.0;4.402380952380954;2.51904761904762;26.156130952380945;33.303869047619045;21.815476190476186;79.05505952380952;0.8586758928571422;2016.0;8.0;AM 
4.0612903225806445;9.68709677419355;1.7322580645161292;28.551612903225802;33.55806451612902;24.66129032258064;71.8225806451613;2.3483871290322584;2016.0;8.0;AP 
0.0;6.858198924731177;1.238709677419355;16.88293010752688;21.711962365591408;16.84180107526883;55.53864247311828;0.9733333870967738;2016.0;8.0;BA 
8.774461538461532;8.802769230769224;0.0643076923076923;26.874276923076955;33.902461538461544;20.852615384615383;61.04846153846154;3.1913015692307694;2016.0;8.0;CE 
7.2827586206896555;7.986206896551723;0.4844827586206897;19.611724137931038;27.356896551724134;14.156896551724133;45.810344827586206;1.8466409655172413;2016.0;8.0;DF 
2.9999999999999996;6.308064516129034;0.40161290322580645;11.732903225806451;28.44677419354839;19.643548387096775;36.95564516129032;0.0;2016.0;8.0;ES 
9.422903225806449;4.806774193548386;0.5822580645161288;21.52941935483872;29.034193548387115;17.230645161290326;46.04516129032258;1.3611266741935508;2016.0;8.0;GO 
5.254769230769232;8.408615384615386;0.11507692307692308;23.954523076923085;36.21692307692306;22.401846153846154;49.94;1.155333384615385;2016.0;8.0;MA 
5.994715852442669;5.674576271186438;0.2977068793619142;15.599002991026913;24.71934197407775;14.064207377866413;49.65079760717846;1.4445785882352968;2016.0;8.0;MG 
3.55;7.572580645161289;2.237096774193548;0.0;15.264516129032257;0.0;62.37903225806452;2.064516112903226;2016.0;8.0;MS 
0.0;6.688479262672807;1.5755760368663598;21.31216589861752;29.87142857142856;18.148387096774186;59.50691244239631;0.5820047004608294;2016.0;8.0;MT 
3.4930957683741655;6.8581291759465515;1.1371937639198217;25.8539420935412;33.27461024498884;22.255456570155896;65.72327394209354;1.4116926681514474;2016.0;8.0;PA 
6.030726256983244;7.803910614525144;0.46312849162011194;24.525474860335194;31.279329608938554;19.64301675977654;64.65921787709497;3.272253256983239;2016.0;8.0;PB 
7.277016129032258;8.405645161290321;0.46653225806451604;20.902499999999982;26.470967741935493;16.543145161290326;54.64213709677419;2.68819391935484;2016.0;8.0;PE 
9.646334310850444;10.242521994134897;0.017302052785923755;24.655249266862157;36.3266862170088;21.541348973607025;38.31011730205279;2.5963831759530804;2016.0;8.0;PI 
2.489539748953977;4.516317991631799;5.488702928870291;10.487698744769876;14.824686192468617;11.81548117154812;61.32949790794979;1.2632805941422596;2016.0;8.0;PR 
4.0258064516129055;3.471505376344085;0.5204301075268817;18.666451612903224;28.137096774193548;15.143010752688165;58.081989247311824;0.47025088709677393;2016.0;8.0;RJ 
8.805529953917052;8.305529953917047;0.4635944700460829;19.882211981566826;24.193548387096783;22.47788018433181;53.892857142857146;4.060215069124423;2016.0;8.0;RN 
0.0;3.6548387096774193;4.785483870967742;27.03354838709678;33.45483870967742;23.9;80.41532258064517;0.4245512903225807;2016.0;8.0;RR 
2.3665929203539844;5.317477876106194;4.046681415929204;14.80384955752213;20.825663716814145;10.61725663716815;67.19800884955752;1.5281669402654883;2016.0;8.0;RS 
1.9408866995073881;5.316748768472906;4.428571428571431;14.571527093596059;20.574876847290643;10.370443349753689;72.51970443349754;1.8364532019704434;2016.0;8.0;SC 
0.0;7.540860215053765;1.386021505376344;23.259784946236557;27.779569892473113;20.279569892473116;76.61021505376344;1.3570890322580644;2016.0;8.0;SE 
3.877916666666669;4.947083333333334;1.465;9.435083333333328;26.274583333333336;7.5170833333333364;33.18541666666667;1.3209722083333337;2016.0;8.0;SP 
10.81451612903225;7.958064516129036;0.022043010752688174;27.963118279569883;36.246236559139774;21.05752688172043;41.83870967741935;1.5363086021505368;2016.0;8.0;TO 
0.0;2.9716666666666667;2.1250000000000004;26.05266666666667;33.46500000000001;21.125000000000007;80.4375;0.8402520000000001;2016.0;9.0;AC 
5.363333333333335;8.727333333333338;0.7000000000000001;24.080266666666677;29.57266666666666;20.418666666666663;76.58166666666666;3.033770133333334;2016.0;9.0;AL 
0.0;4.177580071174376;4.026690391459074;26.214804270462626;33.128469750889685;22.38576512455516;81.17615658362989;1.011182775800711;2016.0;9.0;AM 
4.42;9.4;0.8699999999999999;28.72533333333333;33.65333333333333;24.473333333333336;70.36666666666666;2.364444433333333;2016.0;9.0;AP 
0.0;6.888194444444448;1.0358333333333334;17.541500000000006;22.29013888888889;17.85388888888891;54.39375;1.0956857500000001;2016.0;9.0;BA 
8.828753993610235;8.596805111821089;0.13961661341853032;27.3285623003195;34.58338658146965;21.801916932907353;63.269169329073485;3.2702121246006417;2016.0;9.0;CE 
9.513793103448274;7.555172413793104;1.0741379310344827;21.491379310344833;28.822413793103458;16.855172413793106;42.741379310344826;1.8771007413793106;2016.0;9.0;DF 
3.4566666666666666;6.411666666666665;1.0616666666666665;11.683666666666669;29.091666666666665;20.654999999999998;36.9125;0.0;2016.0;9.0;ES 
10.308333333333332;4.644333333333335;0.8346666666666666;24.124733333333324;31.502000000000002;19.748666666666658;44.47666666666667;1.4260583700000018;2016.0;9.0;GO 
5.6083067092651735;6.158785942492012;0.8373801916932908;25.581597444089468;36.369009584664546;22.926837060702866;54.30670926517572;1.3007454888178913;2016.0;9.0;MA 
7.263401506996777;5.512594187298168;1.1402583423035522;18.261916038751338;26.70710441334768;16.39504843918192;47.54817007534984;1.4670434101184087;2016.0;9.0;MG 
3.5899999999999994;8.03;1.6133333333333335;4.113;28.83;0.0;60.46666666666667;1.6166666666666667;2016.0;9.0;MS 
0.0;5.362857142857143;1.8457142857142856;22.473428571428563;30.000000000000014;20.356666666666662;64.06666666666666;0.6116120000000002;2016.0;9.0;MT 
3.062378640776699;7.2366504854368845;2.3924757281553397;26.115242718446595;33.11723300970873;22.859466019417468;68.95327669902913;1.5106791262135932;2016.0;9.0;PA 
5.890173410404623;8.049710982658956;0.6132947976878612;25.781965317919067;32.1421965317919;20.838728323699424;63.82514450867052;3.2896916994219643;2016.0;9.0;PB 
8.34916666666666;8.69833333333333;0.38416666666666666;22.430083333333346;27.772083333333324;17.81083333333333;52.80104166666667;2.824036337500002;2016.0;9.0;PE 
10.157586206896553;9.779310344827582;0.4617241379310345;26.023586206896542;37.2255172413793;23.56999999999999;40.50344827586207;2.9662068827586214;2016.0;9.0;PI 
3.3952586206896562;5.468965517241378;1.9482758620689653;11.104310344827594;16.023275862068967;12.243534482758621;57.54418103448276;1.3740883922413798;2016.0;9.0;PR 
4.241111111111112;2.9833333333333334;2.2677777777777774;18.513;28.479444444444457;17.31444444444444;52.06944444444444;0.45819687777777773;2016.0;9.0;RJ 
9.633809523809523;8.71190476190476;0.5466666666666666;20.085428571428572;24.6447619047619;23.1404761904762;54.48690476190476;3.887063485714285;2016.0;9.0;RN 
0.0;3.948333333333333;4.489999999999999;27.131000000000004;33.256666666666675;24.438333333333325;76.16666666666667;0.4501350000000002;2016.0;9.0;RR 
2.7643990929705207;6.448526077097508;2.3142857142857145;14.8409977324263;21.16235827664397;10.072789115646257;70.47562358276645;1.8792201723356017;2016.0;9.0;RS 
2.6970873786407767;6.970388349514565;2.5325242718446592;15.544951456310674;22.032524271844665;10.603883495145636;64.34708737864078;2.078155320388349;2016.0;9.0;SC 
0.0;7.194444444444445;1.43;24.98977777777778;29.427777777777774;21.264444444444443;74.98333333333333;1.5547519999999997;2016.0;9.0;SE 
4.125327510917031;4.793886462882096;0.9759825327510917;9.866200873362445;27.517030567685577;8.294323144104801;29.253275109170307;1.4361425851528387;2016.0;9.0;SP 
9.198888888888886;5.73722222222222;2.5483333333333333;28.7421111111111;36.31611111111113;23.037222222222216;53.78472222222222;1.5137984333333336;2016.0;9.0;TO 
0.0;2.835483870967742;8.988709677419356;26.809677419354827;33.32258064516129;22.99193548387097;83.29032258064517;0.7329387096774194;2016.0;10.0;AC 
6.267741935483873;9.629032258064514;0.45870967741935487;26.243354838709678;31.504516129032258;21.420000000000012;71.31612903225806;3.351713032258064;2016.0;10.0;AL 
0.0;3.874642857142859;6.085;27.10814285714285;33.241428571428564;23.140000000000015;81.37410714285714;0.9724517428571425;2016.0;10.0;AM 
0.0;9.129999999999999;0.01;29.234999999999996;34.199999999999996;24.934999999999995;68.1375;2.27211;2016.0;10.0;AP 
0.0;7.151244509516839;1.853587115666179;17.628521229868213;22.009370424597368;19.162079062957556;56.98645680819912;1.1047027818448028;2016.0;10.0;BA 
10.206451612903221;8.854838709677416;0.07478005865102638;28.26082111436951;35.20469208211139;22.480058651026418;60.48093841642229;3.289070838709675;2016.0;10.0;CE 
6.42295081967213;6.6000000000000005;2.5081967213114753;21.97213114754098;29.681967213114746;17.181967213114756;59.31147540983606;1.5210194918032784;2016.0;10.0;DF 
3.391935483870968;5.05;2.69516129032258;12.102258064516132;29.1483870967742;21.36129032258064;38.733870967741936;0.0912716129032258;2016.0;10.0;ES 
7.432903225806456;4.009354838709677;3.610967741935484;26.012580645161297;33.08645161290321;20.540322580645174;57.104032258064514;1.370503316129034;2016.0;10.0;GO 
4.973312883435582;6.896625766871169;0.8116564417177915;26.23932515337424;36.176380368098165;23.772699386503074;56.578220858895705;1.2648852607361971;2016.0;10.0;MA 
6.027021696252463;4.755522682445758;2.857790927021696;17.999467455621318;25.225542406311636;18.13599605522682;54.73717948717949;1.4597815207100613;2016.0;10.0;MG 
4.191935483870968;8.077419354838709;1.7322580645161292;0.0;34.00322580645162;0.0;62.07661290322581;2.516129064516129;2016.0;10.0;MS 
0.0;5.533179723502306;5.374193548387094;22.496682027649776;29.02811059907835;21.90276497695853;70.56912442396313;0.46307502304147463;2016.0;10.0;MT 
3.450424929178471;7.1753541076487215;3.488385269121814;28.042436260623237;33.62691218130315;23.48045325779037;74.77974504249292;1.566572257790369;2016.0;10.0;PA 
6.66358695652174;8.039130434782612;0.2559782608695652;26.17021739130434;33.091304347826075;21.584782608695647;60.37092391304348;3.39483694021739;2016.0;10.0;PB 
9.740890688259109;8.870850202429152;0.1497975708502024;23.558461538461525;29.1246963562753;18.799190283400804;50.5;2.9304532793522258;2016.0;10.0;PE 
9.859813084112155;9.640809968847353;0.9517133956386291;27.083987538940825;37.449844236760114;23.77694704049846;41.17367601246106;2.682450679127726;2016.0;10.0;PI 
3.252534562211984;3.8313364055299544;5.922580645161292;11.498709677419356;15.1557603686636;15.452073732718889;69.31797235023042;1.6342804930875576;2016.0;10.0;PR 
4.312179487179486;2.062179487179487;1.9141025641025646;22.79333333333335;28.556410256410256;19.55897435897436;73.19871794871794;0.5254264935897436;2016.0;10.0;RJ 
9.859722222222219;8.562962962962963;0.18657407407407406;20.672592592592597;25.097222222222232;23.13842592592593;53.936342592592595;4.301388893518516;2016.0;10.0;RN 
0.0;3.891935483870968;3.5790322580645157;27.57064516129032;35.29354838709676;23.866129032258065;71.75403225806451;0.9597348387096776;2016.0;10.0;RR 
2.636659436008675;5.681561822125813;8.172017353579182;17.80286334056399;23.31518438177874;13.55184381778742;71.41052060737528;2.0129597006507582;2016.0;10.0;RS 
2.0460829493087562;4.727649769585255;6.88341013824885;14.644239631336406;22.518894009216595;11.170046082949316;68.26036866359448;2.1887865207373274;2016.0;10.0;SC 
0.0;8.44408602150538;0.42580645161290326;26.279999999999994;31.054838709677412;22.458064516129028;71.0;1.7332387096774189;2016.0;10.0;SE 
3.5388185654008435;4.30464135021097;3.9202531645569625;10.88962025316456;28.46624472573839;9.233755274261602;36.20253164556962;1.48080170464135;2016.0;10.0;SP 
6.9107526881720425;5.818279569892475;2.825268817204302;28.375268817204294;35.531720430107534;22.879032258064512;62.96236559139785;1.2606523172043016;2016.0;10.0;TO 
0.0;2.6683333333333334;6.063333333333333;25.693000000000005;32.49166666666667;22.270000000000007;83.26666666666667;0.8945540000000002;2016.0;11.0;AC 
6.211570247933882;9.115702479338845;0.33140495867768593;26.259173553718995;32.23223140495868;21.13801652892562;66.85537190082644;2.9852522231404968;2016.0;11.0;AL 
0.0;3.8255663430420723;5.918770226537218;26.493980582524262;32.736569579288044;22.889320388349518;81.97330097087378;0.9766970970873787;2016.0;11.0;AM 
0.0;6.226546003016592;4.016591251885369;17.449924585218703;21.72141779788839;19.258672699849186;53.11161387631976;1.1150079638009038;2016.0;11.0;BA 
9.334242424242431;8.469090909090907;0.1372727272727273;28.461454545454536;35.1681818181818;23.065757575757583;61.59015151515152;3.258896678787877;2016.0;11.0;CE 
3.5033333333333334;4.095000000000001;8.473333333333333;21.402;27.106666666666673;17.53333333333334;76.82916666666667;1.4314128666666663;2016.0;11.0;DF 
1.425;3.9916666666666667;7.411666666666666;10.805333333333332;27.31833333333334;22.04166666666667;37.520833333333336;0.0;2016.0;11.0;ES 
4.494333333333335;2.8300000000000005;7.154333333333334;24.47646666666666;30.384333333333338;20.413666666666657;66.0625;1.2046580866666676;2016.0;11.0;GO 
4.723437499999999;6.722187500000002;1.60625;25.67862499999999;36.277499999999996;24.16156249999998;58.25703125;1.1228576625;2016.0;11.0;MA 
4.005509355509354;3.5805613305613297;7.5308731808731855;16.726735966735962;22.895010395010402;18.22203742203741;65.0618503118503;1.3107761683991703;2016.0;11.0;MG 
2.5533333333333337;6.863333333333334;4.033333333333333;0.0;32.69;0.0;71.675;1.5494444333333335;2016.0;11.0;MS 
0.0;4.555450236966825;8.724644549763033;22.618578199052127;28.48056872037915;22.221800947867308;79.0675355450237;0.4977796208530805;2016.0;11.0;MT 
3.182524271844663;6.446359223300971;2.4667475728155344;26.45936893203882;32.73713592233008;23.057766990291274;73.30400485436893;1.517192572815534;2016.0;11.0;PA 
6.948888888888886;7.888888888888893;0.065;26.772999999999993;33.46000000000001;22.152777777777764;61.581944444444446;3.243425927777775;2016.0;11.0;PB 
9.553333333333338;8.405000000000001;0.2029166666666667;24.00416666666667;29.407083333333343;19.25583333333334;50.328125;2.7934459000000027;2016.0;11.0;PE 
10.096466431095408;8.765724381625445;0.6855123674911662;26.454134275618376;37.25123674911661;24.250883392226136;40.31007067137809;2.4026733392226145;2016.0;11.0;PI 
3.605022831050228;4.853881278538813;3.1780821917808217;17.49570776255708;22.497260273972604;16.84292237442922;61.05251141552512;1.5248097397260274;2016.0;11.0;PR 
3.613888888888888;2.575;8.943333333333335;19.91777777777779;29.041111111111103;19.80833333333333;63.46805555555556;0.313703688888889;2016.0;11.0;RJ 
9.732857142857144;8.724761904761898;0.1704761904761905;20.59733333333333;25.107142857142847;23.719523809523814;53.67261904761905;3.9015079523809515;2016.0;11.0;RN 
0.0;3.063333333333333;3.231666666666667;26.272999999999993;33.28000000000001;24.158333333333324;73.0375;0.817388;2016.0;11.0;RR 
3.9934977578475332;8.06165919282511;3.7822869955156944;20.192242152466363;26.707399103139043;14.6329596412556;63.91199551569507;1.7980568251121067;2016.0;11.0;RS 
2.8878172588832514;7.048223350253806;2.883248730964467;18.33807106598986;25.76040609137055;13.581725888324877;66.3261421319797;1.9980184263959393;2016.0;11.0;SC 
0.0;8.424444444444447;0.22333333333333336;26.85355555555555;31.677777777777777;23.02444444444445;68.66666666666667;1.7510013333333339;2016.0;11.0;SE 
3.0847161572052415;3.741048034934499;5.104803493449782;13.44628820960699;27.847598253275102;12.416157205240177;38.58406113537118;1.4387611091703056;2016.0;11.0;SP 
5.5844444444444425;5.005000000000002;7.47611111111111;27.393666666666686;33.287777777777755;22.67444444444443;69.98472222222222;1.0243407666666666;2016.0;11.0;TO 
0.0;2.133870967741936;8.74032258064516;24.57032258064515;30.4016129032258;22.390322580645154;83.20967741935483;0.9044187096774192;2016.0;12.0;AC 
6.829677419354841;8.683225806451611;0.48516129032258065;26.465419354838705;32.44387096774194;22.07290322580645;68.71451612903226;3.1468386258064514;2016.0;12.0;AL 
0.0;2.417647058823528;10.566013071895425;23.936013071895424;30.46339869281046;21.58660130718955;82.73774509803921;0.9669822516339873;2016.0;12.0;AM 
2.58695652173913;6.195652173913045;11.947826086956523;26.664347826086956;32.23913043478261;23.152173913043473;77.45652173913044;1.6202897826086957;2016.0;12.0;AP 
3.5888440860215014;6.5181451612903185;1.8729838709677422;18.10083333333333;22.54395161290325;19.684543010752677;50.20967741935484;0.9808930349462363;2016.0;12.0;BA 
6.4477419354838705;6.651290322580643;1.6270967741935483;27.713354838709662;34.225483870967736;22.968064516129022;67.47903225806452;2.919139790322582;2016.0;12.0;CE 
4.272131147540982;6.716393442622951;5.66065573770492;21.29508196721312;27.54098360655739;17.008196721311467;71.36475409836065;1.3939160819672136;2016.0;12.0;DF 
3.846774193548387;5.761290322580644;3.7548387096774194;13.358709677419357;31.306451612903224;23.240322580645156;38.63306451612903;0.0;2016.0;12.0;ES 
4.605483870967743;3.268064516129032;6.255161290322582;24.94496774193548;30.965161290322577;20.506774193548402;72.85887096774194;1.342187709677419;2016.0;12.0;GO 
3.324397590361444;4.984337349397586;3.6563253012048196;24.0560843373494;32.67921686746987;23.577108433734956;62.07454819277108;0.9029484728915662;2016.0;12.0;MA 
3.9021897810219013;4.540354535974973;5.7435870698644385;16.600813347236695;23.94817518248176;18.99134515119916;64.26511991657976;1.3482099447340992;2016.0;12.0;MG 
2.693548387096774;6.81290322580645;7.475806451612904;10.419032258064515;33.25806451612904;8.600000000000001;75.36290322580645;2.1881719516129032;2016.0;12.0;MS 
0.0;3.8894009216589858;10.749308755760364;25.769953917050685;31.92811059907833;22.603686635944705;83.01728110599079;0.4140807373271891;2016.0;12.0;MT 
2.270071258907363;4.832066508313538;8.767458432304037;25.647790973871746;30.994536817102144;22.14513064133016;77.59204275534442;1.3157165700712592;2016.0;12.0;PA 
6.114204545454544;6.248863636363635;1.51875;26.94545454545456;33.3409090909091;22.50113636363636;63.03693181818182;3.0634469659090895;2016.0;12.0;PB 
8.927868852459019;6.90491803278689;0.7877049180327866;21.714426229508206;26.407786885245898;19.736885245901632;46.95799180327869;2.545339184426229;2016.0;12.0;PE 
6.923595505617976;6.680149812734088;2.8423220973782763;23.919925093632955;35.137827715355776;23.268539325842685;50.32677902621723;2.1384519288389527;2016.0;12.0;PI 
2.714102564102564;3.829059829059831;5.853418803418803;20.307264957264955;25.184188034188033;18.46666666666667;59.89102564102564;1.3601566239316232;2016.0;12.0;PR 
3.7870967741935475;3.161827956989246;6.339784946236559;25.34107526881721;31.232795698924757;21.183870967741942;55.17607526881721;0.3272401451612903;2016.0;12.0;RJ 
8.61428571428571;7.316190476190475;1.5214285714285714;21.22190476190476;25.630952380952397;23.97000000000001;56.253571428571426;3.782539685714285;2016.0;12.0;RN 
0.0;2.867741935483871;3.6467741935483873;25.74774193548387;31.898387096774197;23.991935483870968;76.34274193548387;1.0371774193548386;2016.0;12.0;RR 
3.6955849889624726;7.138410596026488;4.378587196467992;22.450993377483414;28.409713024282578;18.02759381898455;66.28587196467991;1.7311687284768205;2016.0;12.0;RS 
2.2428571428571438;5.072350230414746;6.391705069124423;20.36488479262674;25.6078341013825;16.336866359447008;67.97235023041475;1.6562655668202766;2016.0;12.0;SC 
1.7903225806451617;8.363440860215054;1.0548387096774194;27.222150537634402;31.98494623655914;23.436559139784944;68.44354838709677;1.72974911827957;2016.0;12.0;SE 
3.3041841004184103;4.14979079497908;5.481589958158994;14.015397489539748;29.505439330543915;12.996234309623427;37.44769874476987;1.3338911924686185;2016.0;12.0;SP 
4.333333333333333;4.3274193548387085;6.72956989247312;26.706344086021517;33.05215053763442;22.65645161290323;71.83467741935483;0.9901924623655917;2016.0;12.0;TO 
